route,control_id,label,classification,source_file,expected_effect,endpoint,mutation_persistence,safety_constraint,test_status,screenshot
(shared),canonical-capital-safety,canonical-capital-safety,SAFE_READ,components/AuthoritativeRecommendations.tsx,see component,,n/a,manual_only; no broker write,unit_or_pending,
(shared),canonical-combined-warning,canonical-combined-warning,SAFE_READ,components/AuthoritativeRecommendations.tsx,see component,,n/a,manual_only; no broker write,unit_or_pending,
(shared),canonical-manual-only,canonical-manual-only,SAFE_READ,components/AuthoritativeRecommendations.tsx,see component,,n/a,manual_only; no broker write,unit_or_pending,
(shared),canonical-freshness,canonical-freshness,SAFE_READ,components/AuthoritativeRecommendations.tsx,see component,,n/a,manual_only; no broker write,unit_or_pending,
(shared),canonical-provider-health,canonical-provider-health,SAFE_READ,components/AuthoritativeRecommendations.tsx,see component,,n/a,manual_only; no broker write,unit_or_pending,
(shared),canonical-primary,canonical-primary,SAFE_READ,components/AuthoritativeRecommendations.tsx,see component,,n/a,manual_only; no broker write,unit_or_pending,
(shared),canonical-error,canonical-error,SAFE_READ,components/AuthoritativeRecommendations.tsx,see component,,n/a,manual_only; no broker write,unit_or_pending,
(shared),canonical-unavailable,canonical-unavailable,SAFE_READ,components/AuthoritativeRecommendations.tsx,see component,,n/a,manual_only; no broker write,unit_or_pending,
(shared),canonical-actionable,canonical-actionable,SAFE_READ,components/AuthoritativeRecommendations.tsx,see component,,n/a,manual_only; no broker write,unit_or_pending,
(shared),canonical-stay-in-cash,canonical-stay-in-cash,SAFE_READ,components/AuthoritativeRecommendations.tsx,see component,,n/a,manual_only; no broker write,unit_or_pending,
(shared),canonical-stay-in-cash-reason,canonical-stay-in-cash-reason,SAFE_READ,components/AuthoritativeRecommendations.tsx,see component,,n/a,manual_only; no broker write,unit_or_pending,
(shared),canonical-watch,canonical-watch,SAFE_READ,components/AuthoritativeRecommendations.tsx,see component,,n/a,manual_only; no broker write,unit_or_pending,
(shared),canonical-blocked,canonical-blocked,SAFE_READ,components/AuthoritativeRecommendations.tsx,see component,,n/a,manual_only; no broker write,unit_or_pending,
(shared),canonical-rec-${item.symbol},canonical-rec-${item.symbol},SAFE_READ,components/AuthoritativeRecommendations.tsx,dynamic row/control,,component-defined,manual_only; no broker write,unit_or_pending,
(shared),canonical-capital-${item.symbol},canonical-capital-${item.symbol},SAFE_READ,components/AuthoritativeRecommendations.tsx,dynamic row/control,,component-defined,manual_only; no broker write,unit_or_pending,
(shared),eval-status-indicator,eval-status-indicator,SAFE_READ,components/EvalStatusIndicator.tsx,see component,,n/a,manual_only; no broker write,unit_or_pending,
(shared),explanation-panel,explanation-panel,SAFE_READ,components/ExplanationPanel.tsx,see component,,n/a,manual_only; no broker write,unit_or_pending,
(shared),explanation-primary,explanation-primary,SAFE_READ,components/ExplanationPanel.tsx,see component,,n/a,manual_only; no broker write,unit_or_pending,
(shared),explanation-supporting,explanation-supporting,SAFE_READ,components/ExplanationPanel.tsx,see component,,n/a,manual_only; no broker write,unit_or_pending,
(shared),explanation-measured,explanation-measured,SAFE_READ,components/ExplanationPanel.tsx,see component,,n/a,manual_only; no broker write,unit_or_pending,
(shared),explanation-near-miss,explanation-near-miss,SAFE_READ,components/ExplanationPanel.tsx,see component,,n/a,manual_only; no broker write,unit_or_pending,
(shared),explanation-safety-critical,explanation-safety-critical,SAFE_READ,components/ExplanationPanel.tsx,see component,,n/a,manual_only; no broker write,unit_or_pending,
(shared),explanation-freshness,explanation-freshness,SAFE_READ,components/ExplanationPanel.tsx,see component,,n/a,manual_only; no broker write,unit_or_pending,
(shared),explanation-calc-trace,explanation-calc-trace,SAFE_READ,components/ExplanationPanel.tsx,see component,,n/a,manual_only; no broker write,unit_or_pending,
(shared),measured-${mv.code},measured-${mv.code},SAFE_READ,components/ExplanationPanel.tsx,dynamic row/control,,component-defined,manual_only; no broker write,unit_or_pending,
(shared),universe-v2-panel,universe-v2-panel,SAFE_READ,components/UniverseV2Panel.tsx,see component,,n/a,manual_only; no broker write,unit_or_pending,
(shared),universe-v2-refresh-error,universe-v2-refresh-error,SAFE_REFRESH,components/UniverseV2Panel.tsx,see component,,n/a,manual_only; no broker write,unit_or_pending,
(shared),universe-v2-empty,universe-v2-empty,SAFE_READ,components/UniverseV2Panel.tsx,see component,,n/a,manual_only; no broker write,unit_or_pending,
(shared),universe-v2-freshness,universe-v2-freshness,SAFE_READ,components/UniverseV2Panel.tsx,see component,,n/a,manual_only; no broker write,unit_or_pending,
(shared),universe-v2-lifecycle,universe-v2-lifecycle,SAFE_READ,components/UniverseV2Panel.tsx,see component,,n/a,manual_only; no broker write,unit_or_pending,
(shared),universe-v2-strategies,universe-v2-strategies,SAFE_READ,components/UniverseV2Panel.tsx,see component,,n/a,manual_only; no broker write,unit_or_pending,
(shared),universe-v2-top-reasons,universe-v2-top-reasons,SAFE_READ,components/UniverseV2Panel.tsx,see component,,n/a,manual_only; no broker write,unit_or_pending,
(shared),nav-legacy-note,nav-legacy-note,SAFE_READ,layout/Sidebar.tsx,see component,,n/a,manual_only; no broker write,unit_or_pending,
/backtest,r40-strategy-lab-note,r40-strategy-lab-note,SAFE_READ,pages/BacktestPage.tsx,see component,,n/a,manual_only; no broker write,playwright_route_pack,out/verification/R41/screenshots/backtest.png
/backtest,r40-simulation-banner,r40-simulation-banner,SAFE_READ,pages/BacktestPage.tsx,see component,,n/a,manual_only; no broker write,playwright_route_pack,out/verification/R41/screenshots/backtest.png
/backtest,r40-last-run,r40-last-run,SAFE_READ,pages/BacktestPage.tsx,see component,,n/a,manual_only; no broker write,playwright_route_pack,out/verification/R41/screenshots/backtest.png
/backtest,r40-no-last-run,r40-no-last-run,SAFE_READ,pages/BacktestPage.tsx,see component,,n/a,manual_only; no broker write,playwright_route_pack,out/verification/R41/screenshots/backtest.png
/backtest,backtest-start-date,backtest-start-date,MUTATION_REVERSIBLE,pages/BacktestPage.tsx,see component,,component-defined,manual_only; no broker write,playwright_route_pack,out/verification/R41/screenshots/backtest.png
/backtest,backtest-end-date,backtest-end-date,MUTATION_REVERSIBLE,pages/BacktestPage.tsx,see component,,component-defined,manual_only; no broker write,playwright_route_pack,out/verification/R41/screenshots/backtest.png
/backtest,backtest-include-paper,backtest-include-paper,MUTATION_REVERSIBLE,pages/BacktestPage.tsx,see component,,component-defined,manual_only; no broker write,playwright_route_pack,out/verification/R41/screenshots/backtest.png
/backtest,backtest-paper-only,backtest-paper-only,MUTATION_REVERSIBLE,pages/BacktestPage.tsx,see component,,component-defined,manual_only; no broker write,playwright_route_pack,out/verification/R41/screenshots/backtest.png
/backtest,backtest-run-btn,backtest-run-btn,MUTATION_REVERSIBLE,pages/BacktestPage.tsx,see component,,component-defined,manual_only; no broker write,playwright_route_pack,out/verification/R41/screenshots/backtest.png
/backtest,backtest-simulation-label,backtest-simulation-label,MUTATION_REVERSIBLE,pages/BacktestPage.tsx,see component,,component-defined,manual_only; no broker write,playwright_route_pack,out/verification/R41/screenshots/backtest.png
/backtest,backtest-results,backtest-results,MUTATION_REVERSIBLE,pages/BacktestPage.tsx,see component,,component-defined,manual_only; no broker write,playwright_route_pack,out/verification/R41/screenshots/backtest.png
/backtest,backtest-download-json,backtest-download-json,MUTATION_REVERSIBLE,pages/BacktestPage.tsx,see component,,component-defined,manual_only; no broker write,playwright_route_pack,out/verification/R41/screenshots/backtest.png
/backtest,backtest-download-csv,backtest-download-csv,MUTATION_REVERSIBLE,pages/BacktestPage.tsx,see component,,component-defined,manual_only; no broker write,playwright_route_pack,out/verification/R41/screenshots/backtest.png
/,page-command-center,page-command-center,SAFE_READ,pages/DashboardPage.tsx,see component,,n/a,manual_only; no broker write,playwright_route_pack,out/verification/R41/screenshots/home.png
/,command-center-summary,command-center-summary,SAFE_READ,pages/DashboardPage.tsx,see component,,n/a,manual_only; no broker write,playwright_route_pack,out/verification/R41/screenshots/home.png
/,command-center-opportunities-summary,command-center-opportunities-summary,SAFE_READ,pages/DashboardPage.tsx,see component,,n/a,manual_only; no broker write,playwright_route_pack,out/verification/R41/screenshots/home.png
/,command-center-stay-in-cash,command-center-stay-in-cash,SAFE_READ,pages/DashboardPage.tsx,see component,,n/a,manual_only; no broker write,playwright_route_pack,out/verification/R41/screenshots/home.png
/,command-center-alerts,command-center-alerts,SAFE_READ,pages/DashboardPage.tsx,see component,,n/a,manual_only; no broker write,playwright_route_pack,out/verification/R41/screenshots/home.png
/,mock-artifact-banner,mock-artifact-banner,SAFE_READ,pages/DashboardPage.tsx,see component,,n/a,manual_only; no broker write,playwright_route_pack,out/verification/R41/screenshots/home.png
/,legacy-diagnostics,legacy-diagnostics,SAFE_READ,pages/DashboardPage.tsx,see component,,n/a,manual_only; no broker write,playwright_route_pack,out/verification/R41/screenshots/home.png
/,action-needed-card,action-needed-card,SAFE_READ,pages/DashboardPage.tsx,see component,,n/a,manual_only; no broker write,playwright_route_pack,out/verification/R41/screenshots/home.png
/,guardrails-card,guardrails-card,SAFE_READ,pages/DashboardPage.tsx,see component,,n/a,manual_only; no broker write,playwright_route_pack,out/verification/R41/screenshots/home.png
/,guardrails-available-budget,guardrails-available-budget,SAFE_READ,pages/DashboardPage.tsx,see component,,n/a,manual_only; no broker write,playwright_route_pack,out/verification/R41/screenshots/home.png
/,guardrails-cash-secured-committed,guardrails-cash-secured-committed,SAFE_READ,pages/DashboardPage.tsx,see component,,n/a,manual_only; no broker write,playwright_route_pack,out/verification/R41/screenshots/home.png
/,guardrails-csp-cash-available,guardrails-csp-cash-available,SAFE_READ,pages/DashboardPage.tsx,see component,,n/a,manual_only; no broker write,playwright_route_pack,out/verification/R41/screenshots/home.png
/,action-needed-options-row-${item.symbol},action-needed-options-row-${item.symbol},SAFE_READ,pages/DashboardPage.tsx,dynamic row/control,,component-defined,manual_only; no broker write,playwright_route_pack,
/,action-needed-severity-${item.symbol},action-needed-severity-${item.symbol},SAFE_READ,pages/DashboardPage.tsx,dynamic row/control,,component-defined,manual_only; no broker write,playwright_route_pack,
/,action-needed-sizing-${item.symbol},action-needed-sizing-${item.symbol},SAFE_READ,pages/DashboardPage.tsx,dynamic row/control,,component-defined,manual_only; no broker write,playwright_route_pack,
/,action-needed-csp-advisory-${item.symbol},action-needed-csp-advisory-${item.symbol},SAFE_READ,pages/DashboardPage.tsx,dynamic row/control,,component-defined,manual_only; no broker write,playwright_route_pack,
/,action-needed-mark-${item.symbol},action-needed-mark-${item.symbol},SAFE_READ,pages/DashboardPage.tsx,dynamic row/control,,component-defined,manual_only; no broker write,playwright_route_pack,
/,action-needed-pct-profit-${item.symbol},action-needed-pct-profit-${item.symbol},SAFE_READ,pages/DashboardPage.tsx,dynamic row/control,,component-defined,manual_only; no broker write,playwright_route_pack,
/,action-needed-roll-reason-${item.symbol},action-needed-roll-reason-${item.symbol},SAFE_READ,pages/DashboardPage.tsx,dynamic row/control,,component-defined,manual_only; no broker write,playwright_route_pack,
/,action-needed-ticket-${item.symbol},action-needed-ticket-${item.symbol},SAFE_READ,pages/DashboardPage.tsx,dynamic row/control,,component-defined,manual_only; no broker write,playwright_route_pack,
/,action-needed-shares-row-${item.symbol},action-needed-shares-row-${item.symbol},SAFE_READ,pages/DashboardPage.tsx,dynamic row/control,,component-defined,manual_only; no broker write,playwright_route_pack,
/journal,journal-download-readiness-packs,journal-download-readiness-packs,MUTATION_REVERSIBLE,pages/JournalPage.tsx,see component,,component-defined,manual_only; no broker write,playwright_route_pack,out/verification/R41/screenshots/journal.png
/journal,journal-include-paper,journal-include-paper,SAFE_READ,pages/JournalPage.tsx,see component,,n/a,manual_only; no broker write,playwright_route_pack,out/verification/R41/screenshots/journal.png
/journal,journal-paper-only,journal-paper-only,SAFE_READ,pages/JournalPage.tsx,see component,,n/a,manual_only; no broker write,playwright_route_pack,out/verification/R41/screenshots/journal.png
/journal,journal-filter-has-pack,journal-filter-has-pack,MUTATION_REVERSIBLE,pages/JournalPage.tsx,see component,,component-defined,manual_only; no broker write,playwright_route_pack,out/verification/R41/screenshots/journal.png
/journal,journal-paper-badge,journal-paper-badge,SAFE_READ,pages/JournalPage.tsx,see component,,n/a,manual_only; no broker write,playwright_route_pack,out/verification/R41/screenshots/journal.png
/journal,journal-open-link,journal-open-link,SAFE_READ,pages/JournalPage.tsx,see component,,n/a,manual_only; no broker write,playwright_route_pack,out/verification/R41/screenshots/journal.png
/journal,journal-view-readiness-pack,journal-view-readiness-pack,MUTATION_REVERSIBLE,pages/JournalPage.tsx,see component,,component-defined,manual_only; no broker write,playwright_route_pack,out/verification/R41/screenshots/journal.png
/journal,journal-download-readiness-pack,journal-download-readiness-pack,MUTATION_REVERSIBLE,pages/JournalPage.tsx,see component,,component-defined,manual_only; no broker write,playwright_route_pack,out/verification/R41/screenshots/journal.png
/learn,learn-daily-routine,learn-daily-routine,SAFE_READ,pages/LearnPage.tsx,see component,,n/a,manual_only; no broker write,playwright_route_pack,out/verification/R41/screenshots/learn.png
/learn,learn-does-doesnot,learn-does-doesnot,SAFE_READ,pages/LearnPage.tsx,see component,,n/a,manual_only; no broker write,playwright_route_pack,out/verification/R41/screenshots/learn.png
/learn,learn-key-terms,learn-key-terms,SAFE_READ,pages/LearnPage.tsx,see component,,n/a,manual_only; no broker write,playwright_route_pack,out/verification/R41/screenshots/learn.png
/learn,learn-mistakes,learn-mistakes,SAFE_READ,pages/LearnPage.tsx,see component,,n/a,manual_only; no broker write,playwright_route_pack,out/verification/R41/screenshots/learn.png
/learn,learn-links,learn-links,SAFE_READ,pages/LearnPage.tsx,see component,,n/a,manual_only; no broker write,playwright_route_pack,out/verification/R41/screenshots/learn.png
/notifications,page-notifications,page-notifications,SAFE_READ,pages/NotificationsPage.tsx,see component,,n/a,manual_only; no broker write,playwright_route_pack,out/verification/R41/screenshots/notifications.png
/opportunities,opportunities-page,opportunities-page,SAFE_READ,pages/OpportunitiesPage.tsx,see component,,n/a,manual_only; no broker write,playwright_route_pack,out/verification/R41/screenshots/opportunities.png
/opportunities,${testIdPrefix}-${item.symbol},${testIdPrefix}-${item.symbol},SAFE_READ,pages/OpportunitiesPage.tsx,dynamic row/control,,component-defined,manual_only; no broker write,playwright_route_pack,
/opportunities,opp-near-miss-uv2-${nm.symbol},opp-near-miss-uv2-${nm.symbol},SAFE_READ,pages/OpportunitiesPage.tsx,dynamic row/control,,component-defined,manual_only; no broker write,playwright_route_pack,
/paper,paper-th-entry,paper-th-entry,SAFE_READ,pages/PaperPage.tsx,see component,,n/a,manual_only; no broker write,playwright_route_pack,out/verification/R41/screenshots/paper.png
/paper,paper-th-mark,paper-th-mark,SAFE_READ,pages/PaperPage.tsx,see component,,n/a,manual_only; no broker write,playwright_route_pack,out/verification/R41/screenshots/paper.png
/paper,paper-th-unrealized,paper-th-unrealized,SAFE_READ,pages/PaperPage.tsx,see component,,n/a,manual_only; no broker write,playwright_route_pack,out/verification/R41/screenshots/paper.png
/paper,paper-th-asof,paper-th-asof,SAFE_READ,pages/PaperPage.tsx,see component,,n/a,manual_only; no broker write,playwright_route_pack,out/verification/R41/screenshots/paper.png
/paper,paper-position-row,paper-position-row,SAFE_READ,pages/PaperPage.tsx,see component,,n/a,manual_only; no broker write,playwright_route_pack,out/verification/R41/screenshots/paper.png
/paper,paper-cell-mark,paper-cell-mark,SAFE_READ,pages/PaperPage.tsx,see component,,n/a,manual_only; no broker write,playwright_route_pack,out/verification/R41/screenshots/paper.png
/paper,paper-cell-unrealized,paper-cell-unrealized,SAFE_READ,pages/PaperPage.tsx,see component,,n/a,manual_only; no broker write,playwright_route_pack,out/verification/R41/screenshots/paper.png
/paper,paper-cell-asof,paper-cell-asof,SAFE_READ,pages/PaperPage.tsx,see component,,n/a,manual_only; no broker write,playwright_route_pack,out/verification/R41/screenshots/paper.png
/paper,paper-close-btn,paper-close-btn,MUTATION_REVERSIBLE,pages/PaperPage.tsx,see component,,component-defined,manual_only; no broker write,playwright_route_pack,out/verification/R41/screenshots/paper.png
/paper,paper-summary-card,paper-summary-card,SAFE_READ,pages/PaperPage.tsx,see component,,n/a,manual_only; no broker write,playwright_route_pack,out/verification/R41/screenshots/paper.png
/paper,paper-positions-card,paper-positions-card,SAFE_READ,pages/PaperPage.tsx,see component,,n/a,manual_only; no broker write,playwright_route_pack,out/verification/R41/screenshots/paper.png
/paper,paper-filter-symbol,paper-filter-symbol,SAFE_READ,pages/PaperPage.tsx,see component,,n/a,manual_only; no broker write,playwright_route_pack,out/verification/R41/screenshots/paper.png
/paper,paper-filter-strategy,paper-filter-strategy,SAFE_READ,pages/PaperPage.tsx,see component,,n/a,manual_only; no broker write,playwright_route_pack,out/verification/R41/screenshots/paper.png
/paper,paper-refresh-marks,paper-refresh-marks,SAFE_REFRESH,pages/PaperPage.tsx,see component,,n/a,manual_only; no broker write,playwright_route_pack,out/verification/R41/screenshots/paper.png
/paper,paper-tab-open,paper-tab-open,SAFE_READ,pages/PaperPage.tsx,see component,,n/a,manual_only; no broker write,playwright_route_pack,out/verification/R41/screenshots/paper.png
/paper,paper-tab-closed,paper-tab-closed,MUTATION_REVERSIBLE,pages/PaperPage.tsx,see component,,component-defined,manual_only; no broker write,playwright_route_pack,out/verification/R41/screenshots/paper.png
/paper,paper-close-modal,paper-close-modal,MUTATION_REVERSIBLE,pages/PaperPage.tsx,see component,,component-defined,manual_only; no broker write,playwright_route_pack,out/verification/R41/screenshots/paper.png
/paper,paper-close-price-input,paper-close-price-input,MUTATION_REVERSIBLE,pages/PaperPage.tsx,see component,,component-defined,manual_only; no broker write,playwright_route_pack,out/verification/R41/screenshots/paper.png
/paper,paper-close-submit,paper-close-submit,MUTATION_REVERSIBLE,pages/PaperPage.tsx,see component,,component-defined,manual_only; no broker write,playwright_route_pack,out/verification/R41/screenshots/paper.png
/portfolio,page-portfolio,page-portfolio,SAFE_READ,pages/PortfolioPage.tsx,see component,,n/a,manual_only; no broker write,playwright_route_pack,out/verification/R41/screenshots/portfolio.png
/portfolio,portfolio-provenance,portfolio-provenance,SAFE_READ,pages/PortfolioPage.tsx,see component,,n/a,manual_only; no broker write,playwright_route_pack,out/verification/R41/screenshots/portfolio.png
/positions,positions-integrity-strip,positions-integrity-strip,SAFE_READ,pages/PositionsPage.tsx,see component,,n/a,manual_only; no broker write,playwright_route_pack,out/verification/R41/screenshots/positions.png
/positions,positions-integrity-status,positions-integrity-status,SAFE_READ,pages/PositionsPage.tsx,see component,,n/a,manual_only; no broker write,playwright_route_pack,out/verification/R41/screenshots/positions.png
/positions,positions-integrity-last-check,positions-integrity-last-check,SAFE_READ,pages/PositionsPage.tsx,see component,,n/a,manual_only; no broker write,playwright_route_pack,out/verification/R41/screenshots/positions.png
/positions,positions-integrity-view-details-btn,positions-integrity-view-details-btn,SAFE_READ,pages/PositionsPage.tsx,see component,,n/a,manual_only; no broker write,playwright_route_pack,out/verification/R41/screenshots/positions.png
/positions,positions-integrity-view-diagnostics-link,positions-integrity-view-diagnostics-link,SAFE_READ,pages/PositionsPage.tsx,see component,,n/a,manual_only; no broker write,playwright_route_pack,out/verification/R41/screenshots/positions.png
/positions,positions-integrity-copy-remediation-btn,positions-integrity-copy-remediation-btn,SAFE_READ,pages/PositionsPage.tsx,see component,,n/a,manual_only; no broker write,playwright_route_pack,out/verification/R41/screenshots/positions.png
/positions,positions-integrity-download-bundle-btn,positions-integrity-download-bundle-btn,SAFE_READ,pages/PositionsPage.tsx,see component,,n/a,manual_only; no broker write,playwright_route_pack,out/verification/R41/screenshots/positions.png
/positions,positions-integrity-open-diagnostics-link,positions-integrity-open-diagnostics-link,SAFE_READ,pages/PositionsPage.tsx,see component,,n/a,manual_only; no broker write,playwright_route_pack,out/verification/R41/screenshots/positions.png
/positions,positions-integrity-details-list,positions-integrity-details-list,SAFE_READ,pages/PositionsPage.tsx,see component,,n/a,manual_only; no broker write,playwright_route_pack,out/verification/R41/screenshots/positions.png
/positions,integrity-sample-open-positions,integrity-sample-open-positions,SAFE_READ,pages/PositionsPage.tsx,see component,,n/a,manual_only; no broker write,playwright_route_pack,out/verification/R41/screenshots/positions.png
/positions,integrity-sample-open-diagnostics,integrity-sample-open-diagnostics,SAFE_READ,pages/PositionsPage.tsx,see component,,n/a,manual_only; no broker write,playwright_route_pack,out/verification/R41/screenshots/positions.png
/positions,positions-integrity-check-btn,positions-integrity-check-btn,SAFE_READ,pages/PositionsPage.tsx,see component,,n/a,manual_only; no broker write,playwright_route_pack,out/verification/R41/screenshots/positions.png
/positions,positions-integrity-rebuild-btn,positions-integrity-rebuild-btn,SAFE_READ,pages/PositionsPage.tsx,see component,,n/a,manual_only; no broker write,playwright_route_pack,out/verification/R41/screenshots/positions.png
/positions,positions-integrity-switch-to-computed,positions-integrity-switch-to-computed,SAFE_READ,pages/PositionsPage.tsx,see component,,n/a,manual_only; no broker write,playwright_route_pack,out/verification/R41/screenshots/positions.png
/positions,positions-integrity-diff-counts,positions-integrity-diff-counts,SAFE_READ,pages/PositionsPage.tsx,see component,,n/a,manual_only; no broker write,playwright_route_pack,out/verification/R41/screenshots/positions.png
/positions,positions-integrity-view-diff-details,positions-integrity-view-diff-details,SAFE_READ,pages/PositionsPage.tsx,see component,,n/a,manual_only; no broker write,playwright_route_pack,out/verification/R41/screenshots/positions.png
/positions,positions-integrity-diff-list,positions-integrity-diff-list,SAFE_READ,pages/PositionsPage.tsx,see component,,n/a,manual_only; no broker write,playwright_route_pack,out/verification/R41/screenshots/positions.png
/positions,positions-integrity-view-positions-link,positions-integrity-view-positions-link,SAFE_READ,pages/PositionsPage.tsx,see component,,n/a,manual_only; no broker write,playwright_route_pack,out/verification/R41/screenshots/positions.png
/positions,positions-integrity-computed-note,positions-integrity-computed-note,SAFE_READ,pages/PositionsPage.tsx,see component,,n/a,manual_only; no broker write,playwright_route_pack,out/verification/R41/screenshots/positions.png
/positions,positions-integrity-switch-to-stored,positions-integrity-switch-to-stored,SAFE_READ,pages/PositionsPage.tsx,see component,,n/a,manual_only; no broker write,playwright_route_pack,out/verification/R41/screenshots/positions.png
/positions,positions-compare-panel,positions-compare-panel,SAFE_READ,pages/PositionsPage.tsx,see component,,n/a,manual_only; no broker write,playwright_route_pack,out/verification/R41/screenshots/positions.png
/positions,positions-compare-toggle-btn,positions-compare-toggle-btn,SAFE_READ,pages/PositionsPage.tsx,see component,,n/a,manual_only; no broker write,playwright_route_pack,out/verification/R41/screenshots/positions.png
/positions,positions-compare-diff-summary,positions-compare-diff-summary,SAFE_READ,pages/PositionsPage.tsx,see component,,n/a,manual_only; no broker write,playwright_route_pack,out/verification/R41/screenshots/positions.png
/positions,positions-compare-diff-details,positions-compare-diff-details,SAFE_READ,pages/PositionsPage.tsx,see component,,n/a,manual_only; no broker write,playwright_route_pack,out/verification/R41/screenshots/positions.png
/positions,positions-compare-view-diff-diagnostics,positions-compare-view-diff-diagnostics,SAFE_READ,pages/PositionsPage.tsx,see component,,n/a,manual_only; no broker write,playwright_route_pack,out/verification/R41/screenshots/positions.png
/positions,positions-compare-rebuild-btn,positions-compare-rebuild-btn,SAFE_READ,pages/PositionsPage.tsx,see component,,n/a,manual_only; no broker write,playwright_route_pack,out/verification/R41/screenshots/positions.png
/positions,positions-stale-banner-title,positions-stale-banner-title,SAFE_READ,pages/PositionsPage.tsx,see component,,n/a,manual_only; no broker write,playwright_route_pack,out/verification/R41/screenshots/positions.png
/positions,positions-stale-banner-subtext,positions-stale-banner-subtext,SAFE_READ,pages/PositionsPage.tsx,see component,,n/a,manual_only; no broker write,playwright_route_pack,out/verification/R41/screenshots/positions.png
/positions,positions-stale-rebuild-btn,positions-stale-rebuild-btn,SAFE_READ,pages/PositionsPage.tsx,see component,,n/a,manual_only; no broker write,playwright_route_pack,out/verification/R41/screenshots/positions.png
/positions,positions-rebuild-confirm-modal,positions-rebuild-confirm-modal,SAFE_READ,pages/PositionsPage.tsx,see component,,n/a,manual_only; no broker write,playwright_route_pack,out/verification/R41/screenshots/positions.png
/positions,positions-rebuild-confirm-cancel,positions-rebuild-confirm-cancel,SAFE_READ,pages/PositionsPage.tsx,see component,,n/a,manual_only; no broker write,playwright_route_pack,out/verification/R41/screenshots/positions.png
/positions,positions-rebuild-confirm-ok,positions-rebuild-confirm-ok,SAFE_READ,pages/PositionsPage.tsx,see component,,n/a,manual_only; no broker write,playwright_route_pack,out/verification/R41/screenshots/positions.png
/positions,positions-integrity-check-confirm-modal,positions-integrity-check-confirm-modal,SAFE_READ,pages/PositionsPage.tsx,see component,,n/a,manual_only; no broker write,playwright_route_pack,out/verification/R41/screenshots/positions.png
/positions,positions-integrity-check-confirm-cancel,positions-integrity-check-confirm-cancel,SAFE_READ,pages/PositionsPage.tsx,see component,,n/a,manual_only; no broker write,playwright_route_pack,out/verification/R41/screenshots/positions.png
/positions,positions-integrity-check-confirm-ok,positions-integrity-check-confirm-ok,SAFE_READ,pages/PositionsPage.tsx,see component,,n/a,manual_only; no broker write,playwright_route_pack,out/verification/R41/screenshots/positions.png
/positions,positions-filter-state,positions-filter-state,SAFE_READ,pages/PositionsPage.tsx,see component,,n/a,manual_only; no broker write,playwright_route_pack,out/verification/R41/screenshots/positions.png
/positions,positions-filter-paper,positions-filter-paper,SAFE_READ,pages/PositionsPage.tsx,see component,,n/a,manual_only; no broker write,playwright_route_pack,out/verification/R41/screenshots/positions.png
/positions,positions-filter-type,positions-filter-type,SAFE_READ,pages/PositionsPage.tsx,see component,,n/a,manual_only; no broker write,playwright_route_pack,out/verification/R41/screenshots/positions.png
/positions,positions-filter-symbol,positions-filter-symbol,SAFE_READ,pages/PositionsPage.tsx,see component,,n/a,manual_only; no broker write,playwright_route_pack,out/verification/R41/screenshots/positions.png
/positions,positions-source-label,positions-source-label,SAFE_READ,pages/PositionsPage.tsx,see component,,n/a,manual_only; no broker write,playwright_route_pack,out/verification/R41/screenshots/positions.png
/positions,positions-source-radio-stored,positions-source-radio-stored,SAFE_READ,pages/PositionsPage.tsx,see component,,n/a,manual_only; no broker write,playwright_route_pack,out/verification/R41/screenshots/positions.png
/positions,positions-source-radio-computed,positions-source-radio-computed,SAFE_READ,pages/PositionsPage.tsx,see component,,n/a,manual_only; no broker write,playwright_route_pack,out/verification/R41/screenshots/positions.png
/positions,positions-th-source,positions-th-source,SAFE_READ,pages/PositionsPage.tsx,see component,,n/a,manual_only; no broker write,playwright_route_pack,out/verification/R41/screenshots/positions.png
/positions,positions-th-mark,positions-th-mark,SAFE_READ,pages/PositionsPage.tsx,see component,,n/a,manual_only; no broker write,playwright_route_pack,out/verification/R41/screenshots/positions.png
/positions,positions-row,positions-row,SAFE_READ,pages/PositionsPage.tsx,see component,,n/a,manual_only; no broker write,playwright_route_pack,out/verification/R41/screenshots/positions.png
/positions,positions-cell-source,positions-cell-source,SAFE_READ,pages/PositionsPage.tsx,see component,,n/a,manual_only; no broker write,playwright_route_pack,out/verification/R41/screenshots/positions.png
/positions,positions-cell-mark,positions-cell-mark,SAFE_READ,pages/PositionsPage.tsx,see component,,n/a,manual_only; no broker write,playwright_route_pack,out/verification/R41/screenshots/positions.png
/positions,positions-link-ticket,positions-link-ticket,SAFE_READ,pages/PositionsPage.tsx,see component,,n/a,manual_only; no broker write,playwright_route_pack,out/verification/R41/screenshots/positions.png
/positions,positions-link-journal,positions-link-journal,SAFE_READ,pages/PositionsPage.tsx,see component,,n/a,manual_only; no broker write,playwright_route_pack,out/verification/R41/screenshots/positions.png
/positions,positions-link-paper,positions-link-paper,SAFE_READ,pages/PositionsPage.tsx,see component,,n/a,manual_only; no broker write,playwright_route_pack,out/verification/R41/screenshots/positions.png
/positions,positions-pagination,positions-pagination,SAFE_READ,pages/PositionsPage.tsx,see component,,n/a,manual_only; no broker write,playwright_route_pack,out/verification/R41/screenshots/positions.png
/positions,positions-pagination-summary,positions-pagination-summary,SAFE_READ,pages/PositionsPage.tsx,see component,,n/a,manual_only; no broker write,playwright_route_pack,out/verification/R41/screenshots/positions.png
/positions,positions-pagination-prev,positions-pagination-prev,SAFE_READ,pages/PositionsPage.tsx,see component,,n/a,manual_only; no broker write,playwright_route_pack,out/verification/R41/screenshots/positions.png
/positions,positions-pagination-page,positions-pagination-page,SAFE_READ,pages/PositionsPage.tsx,see component,,n/a,manual_only; no broker write,playwright_route_pack,out/verification/R41/screenshots/positions.png
/positions,positions-pagination-next,positions-pagination-next,SAFE_READ,pages/PositionsPage.tsx,see component,,n/a,manual_only; no broker write,playwright_route_pack,out/verification/R41/screenshots/positions.png
/reports,reports-include-paper,reports-include-paper,SAFE_READ,pages/ReportsPage.tsx,see component,,n/a,manual_only; no broker write,playwright_route_pack,out/verification/R41/screenshots/reports.png
/reports,reports-mode-label,reports-mode-label,SAFE_READ,pages/ReportsPage.tsx,see component,,n/a,manual_only; no broker write,playwright_route_pack,out/verification/R41/screenshots/reports.png
/reports,monthly-close-panel,monthly-close-panel,MUTATION_REVERSIBLE,pages/ReportsPage.tsx,see component,,component-defined,manual_only; no broker write,playwright_route_pack,out/verification/R41/screenshots/reports.png
/reports,monthly-close-generate-live,monthly-close-generate-live,MUTATION_REVERSIBLE,pages/ReportsPage.tsx,see component,,component-defined,manual_only; no broker write,playwright_route_pack,out/verification/R41/screenshots/reports.png
/reports,monthly-close-generate-paper,monthly-close-generate-paper,MUTATION_REVERSIBLE,pages/ReportsPage.tsx,see component,,component-defined,manual_only; no broker write,playwright_route_pack,out/verification/R41/screenshots/reports.png
/reports,reports-split-totals,reports-split-totals,SAFE_READ,pages/ReportsPage.tsx,see component,,n/a,manual_only; no broker write,playwright_route_pack,out/verification/R41/screenshots/reports.png
/reports,"monthly-close-download-live-${f.name.replace(""."", ""-"")}","monthly-close-download-live-${f.name.replace(""."", ""-"")}",MUTATION_REVERSIBLE,pages/ReportsPage.tsx,dynamic row/control,,component-defined,manual_only; no broker write,playwright_route_pack,
/reports,"monthly-close-download-paper-${f.name.replace(""."", ""-"")}","monthly-close-download-paper-${f.name.replace(""."", ""-"")}",MUTATION_REVERSIBLE,pages/ReportsPage.tsx,dynamic row/control,,component-defined,manual_only; no broker write,playwright_route_pack,
/symbol-diagnostics,universe-v2-symbol-badges,universe-v2-symbol-badges,SAFE_READ,pages/SymbolDiagnosticsPage.tsx,see component,,n/a,manual_only; no broker write,playwright_route_pack,out/verification/R41/screenshots/symbol-diagnostics.png
/symbol-diagnostics,symbol-unavailable,symbol-unavailable,SAFE_READ,pages/SymbolDiagnosticsPage.tsx,see component,,n/a,manual_only; no broker write,playwright_route_pack,out/verification/R41/screenshots/symbol-diagnostics.png
/symbol-diagnostics,symbol-unavailable-recompute,symbol-unavailable-recompute,SAFE_READ,pages/SymbolDiagnosticsPage.tsx,see component,,n/a,manual_only; no broker write,playwright_route_pack,out/verification/R41/screenshots/symbol-diagnostics.png
/symbol-diagnostics,symbol-canonical-decision,symbol-canonical-decision,SAFE_READ,pages/SymbolDiagnosticsPage.tsx,see component,,n/a,manual_only; no broker write,playwright_route_pack,out/verification/R41/screenshots/symbol-diagnostics.png
/symbol-diagnostics,symbol-canonical-reasons,symbol-canonical-reasons,SAFE_READ,pages/SymbolDiagnosticsPage.tsx,see component,,n/a,manual_only; no broker write,playwright_route_pack,out/verification/R41/screenshots/symbol-diagnostics.png
/symbol-diagnostics,symbol-canonical-unavailable,symbol-canonical-unavailable,SAFE_READ,pages/SymbolDiagnosticsPage.tsx,see component,,n/a,manual_only; no broker write,playwright_route_pack,out/verification/R41/screenshots/symbol-diagnostics.png
/symbol-diagnostics,suggested-size-card,suggested-size-card,SAFE_READ,pages/SymbolDiagnosticsPage.tsx,see component,,n/a,manual_only; no broker write,playwright_route_pack,out/verification/R41/screenshots/symbol-diagnostics.png
/symbol-diagnostics,suggested-size-trade-ticket-link,suggested-size-trade-ticket-link,SAFE_READ,pages/SymbolDiagnosticsPage.tsx,see component,,n/a,manual_only; no broker write,playwright_route_pack,out/verification/R41/screenshots/symbol-diagnostics.png
/symbol-diagnostics,suggested-size-csp-advisory,suggested-size-csp-advisory,SAFE_READ,pages/SymbolDiagnosticsPage.tsx,see component,,n/a,manual_only; no broker write,playwright_route_pack,out/verification/R41/screenshots/symbol-diagnostics.png
/symbol-diagnostics,next-action-badge,next-action-badge,SAFE_READ,pages/SymbolDiagnosticsPage.tsx,see component,,n/a,manual_only; no broker write,playwright_route_pack,out/verification/R41/screenshots/symbol-diagnostics.png
/symbol-diagnostics,earnings-advisory-pill,earnings-advisory-pill,SAFE_READ,pages/SymbolDiagnosticsPage.tsx,see component,,n/a,manual_only; no broker write,playwright_route_pack,out/verification/R41/screenshots/symbol-diagnostics.png
/symbol-diagnostics,tab-shares,tab-shares,SAFE_READ,pages/SymbolDiagnosticsPage.tsx,see component,,n/a,manual_only; no broker write,playwright_route_pack,out/verification/R41/screenshots/symbol-diagnostics.png
/symbol-diagnostics,options-lifecycle-strip,options-lifecycle-strip,SAFE_READ,pages/SymbolDiagnosticsPage.tsx,see component,,n/a,manual_only; no broker write,playwright_route_pack,out/verification/R41/screenshots/symbol-diagnostics.png
/symbol-diagnostics,record-close-btn,record-close-btn,MUTATION_REVERSIBLE,pages/SymbolDiagnosticsPage.tsx,see component,,component-defined,manual_only; no broker write,playwright_route_pack,out/verification/R41/screenshots/symbol-diagnostics.png
/symbol-diagnostics,options-sizing-block,options-sizing-block,SAFE_READ,pages/SymbolDiagnosticsPage.tsx,see component,,n/a,manual_only; no broker write,playwright_route_pack,out/verification/R41/screenshots/symbol-diagnostics.png
/symbol-diagnostics,target-basis-label,target-basis-label,SAFE_READ,pages/SymbolDiagnosticsPage.tsx,see component,,n/a,manual_only; no broker write,playwright_route_pack,out/verification/R41/screenshots/symbol-diagnostics.png
/symbol-diagnostics,target-already-exceeded-badge,target-already-exceeded-badge,SAFE_READ,pages/SymbolDiagnosticsPage.tsx,see component,,n/a,manual_only; no broker write,playwright_route_pack,out/verification/R41/screenshots/symbol-diagnostics.png
/symbol-diagnostics,hold-time-block,hold-time-block,SAFE_READ,pages/SymbolDiagnosticsPage.tsx,see component,,n/a,manual_only; no broker write,playwright_route_pack,out/verification/R41/screenshots/symbol-diagnostics.png
/symbol-diagnostics,hold-time-formula,hold-time-formula,SAFE_READ,pages/SymbolDiagnosticsPage.tsx,see component,,n/a,manual_only; no broker write,playwright_route_pack,out/verification/R41/screenshots/symbol-diagnostics.png
/symbol-diagnostics,hold-time-plain-english,hold-time-plain-english,SAFE_READ,pages/SymbolDiagnosticsPage.tsx,see component,,n/a,manual_only; no broker write,playwright_route_pack,out/verification/R41/screenshots/symbol-diagnostics.png
/symbol-diagnostics,technical-details-panel,technical-details-panel,SAFE_READ,pages/SymbolDiagnosticsPage.tsx,see component,,n/a,manual_only; no broker write,playwright_route_pack,out/verification/R41/screenshots/symbol-diagnostics.png
/symbol-diagnostics,mtf-levels-panel,mtf-levels-panel,SAFE_READ,pages/SymbolDiagnosticsPage.tsx,see component,,n/a,manual_only; no broker write,playwright_route_pack,out/verification/R41/screenshots/symbol-diagnostics.png
/symbol-diagnostics,score-breakdown-panel,score-breakdown-panel,SAFE_READ,pages/SymbolDiagnosticsPage.tsx,see component,,n/a,manual_only; no broker write,playwright_route_pack,out/verification/R41/screenshots/symbol-diagnostics.png
/symbol-diagnostics,score-used-line,score-used-line,SAFE_READ,pages/SymbolDiagnosticsPage.tsx,see component,,n/a,manual_only; no broker write,playwright_route_pack,out/verification/R41/screenshots/symbol-diagnostics.png
/symbol-diagnostics,capped-by-summary,capped-by-summary,SAFE_READ,pages/SymbolDiagnosticsPage.tsx,see component,,n/a,manual_only; no broker write,playwright_route_pack,out/verification/R41/screenshots/symbol-diagnostics.png
/symbol-diagnostics,no-caps-applied,no-caps-applied,SAFE_READ,pages/SymbolDiagnosticsPage.tsx,see component,,n/a,manual_only; no broker write,playwright_route_pack,out/verification/R41/screenshots/symbol-diagnostics.png
/symbol-diagnostics,record-close-modal,record-close-modal,MUTATION_REVERSIBLE,pages/SymbolDiagnosticsPage.tsx,see component,,component-defined,manual_only; no broker write,playwright_route_pack,out/verification/R41/screenshots/symbol-diagnostics.png
/symbol-diagnostics,record-close-submit,record-close-submit,MUTATION_REVERSIBLE,pages/SymbolDiagnosticsPage.tsx,see component,,component-defined,manual_only; no broker write,playwright_route_pack,out/verification/R41/screenshots/symbol-diagnostics.png
/symbol-diagnostics,shares-tab-content,shares-tab-content,SAFE_READ,pages/SymbolDiagnosticsPage.tsx,see component,,n/a,manual_only; no broker write,playwright_route_pack,out/verification/R41/screenshots/symbol-diagnostics.png
/symbol-diagnostics,shares-accordion-trade-plan,shares-accordion-trade-plan,SAFE_READ,pages/SymbolDiagnosticsPage.tsx,see component,,n/a,manual_only; no broker write,playwright_route_pack,out/verification/R41/screenshots/symbol-diagnostics.png
/symbol-diagnostics,shares-trade-plan-card,shares-trade-plan-card,SAFE_READ,pages/SymbolDiagnosticsPage.tsx,see component,,n/a,manual_only; no broker write,playwright_route_pack,out/verification/R41/screenshots/symbol-diagnostics.png
/symbol-diagnostics,shares-hold-time-block,shares-hold-time-block,SAFE_READ,pages/SymbolDiagnosticsPage.tsx,see component,,n/a,manual_only; no broker write,playwright_route_pack,out/verification/R41/screenshots/symbol-diagnostics.png
/symbol-diagnostics,shares-why-checklist,shares-why-checklist,SAFE_READ,pages/SymbolDiagnosticsPage.tsx,see component,,n/a,manual_only; no broker write,playwright_route_pack,out/verification/R41/screenshots/symbol-diagnostics.png
/symbol-diagnostics,shares-exit-recommend-banner,shares-exit-recommend-banner,SAFE_READ,pages/SymbolDiagnosticsPage.tsx,see component,,n/a,manual_only; no broker write,playwright_route_pack,out/verification/R41/screenshots/symbol-diagnostics.png
/symbol-diagnostics,shares-position-card,shares-position-card,SAFE_READ,pages/SymbolDiagnosticsPage.tsx,see component,,n/a,manual_only; no broker write,playwright_route_pack,out/verification/R41/screenshots/symbol-diagnostics.png
/symbol-diagnostics,close-position-open-btn,close-position-open-btn,MUTATION_REVERSIBLE,pages/SymbolDiagnosticsPage.tsx,see component,,component-defined,manual_only; no broker write,playwright_route_pack,out/verification/R41/screenshots/symbol-diagnostics.png
/symbol-diagnostics,close-position-modal,close-position-modal,MUTATION_REVERSIBLE,pages/SymbolDiagnosticsPage.tsx,see component,,component-defined,manual_only; no broker write,playwright_route_pack,out/verification/R41/screenshots/symbol-diagnostics.png
/symbol-diagnostics,close-position-submit,close-position-submit,MUTATION_REVERSIBLE,pages/SymbolDiagnosticsPage.tsx,see component,,component-defined,manual_only; no broker write,playwright_route_pack,out/verification/R41/screenshots/symbol-diagnostics.png
/system,cadence-banner,cadence-banner,SAFE_READ,pages/SystemDiagnosticsPage.tsx,see component,,n/a,manual_only; no broker write,playwright_route_pack,out/verification/R41/screenshots/system.png
/system,operations-panel-r35,operations-panel-r35,SAFE_READ,pages/SystemDiagnosticsPage.tsx,see component,,n/a,manual_only; no broker write,playwright_route_pack,out/verification/R41/screenshots/system.png
/system,earnings-probe-card,earnings-probe-card,SAFE_READ,pages/SystemDiagnosticsPage.tsx,see component,,n/a,manual_only; no broker write,playwright_route_pack,out/verification/R41/screenshots/system.png
/system,load-earnings-probe,load-earnings-probe,SAFE_READ,pages/SystemDiagnosticsPage.tsx,see component,,n/a,manual_only; no broker write,playwright_route_pack,out/verification/R41/screenshots/system.png
/system,positions-unified-reconcile-card,positions-unified-reconcile-card,SAFE_READ,pages/SystemDiagnosticsPage.tsx,see component,,n/a,manual_only; no broker write,playwright_route_pack,out/verification/R41/screenshots/system.png
/system,positions-unified-reconcile-diff-card,positions-unified-reconcile-diff-card,SAFE_READ,pages/SystemDiagnosticsPage.tsx,see component,,n/a,manual_only; no broker write,playwright_route_pack,out/verification/R41/screenshots/system.png
/system,reconcile-diff-view-details-btn,reconcile-diff-view-details-btn,SAFE_READ,pages/SystemDiagnosticsPage.tsx,see component,,n/a,manual_only; no broker write,playwright_route_pack,out/verification/R41/screenshots/system.png
/system,reconcile-diff-rebuild-now-btn,reconcile-diff-rebuild-now-btn,SAFE_READ,pages/SystemDiagnosticsPage.tsx,see component,,n/a,manual_only; no broker write,playwright_route_pack,out/verification/R41/screenshots/system.png
/system,reconcile-diff-view-db-link,reconcile-diff-view-db-link,SAFE_READ,pages/SystemDiagnosticsPage.tsx,see component,,n/a,manual_only; no broker write,playwright_route_pack,out/verification/R41/screenshots/system.png
/system,positions-unified-rebuild-card,positions-unified-rebuild-card,SAFE_READ,pages/SystemDiagnosticsPage.tsx,see component,,n/a,manual_only; no broker write,playwright_route_pack,out/verification/R41/screenshots/system.png
/system,positions-unified-rebuild-btn,positions-unified-rebuild-btn,SAFE_READ,pages/SystemDiagnosticsPage.tsx,see component,,n/a,manual_only; no broker write,playwright_route_pack,out/verification/R41/screenshots/system.png
/system,positions-unified-integrity-check-card,positions-unified-integrity-check-card,SAFE_READ,pages/SystemDiagnosticsPage.tsx,see component,,n/a,manual_only; no broker write,playwright_route_pack,out/verification/R41/screenshots/system.png
/system,integrity-check-remediation-guidance,integrity-check-remediation-guidance,SAFE_READ,pages/SystemDiagnosticsPage.tsx,see component,,n/a,manual_only; no broker write,playwright_route_pack,out/verification/R41/screenshots/system.png
/system,integrity-check-view-details-btn,integrity-check-view-details-btn,SAFE_READ,pages/SystemDiagnosticsPage.tsx,see component,,n/a,manual_only; no broker write,playwright_route_pack,out/verification/R41/screenshots/system.png
/system,integrity-check-run-btn,integrity-check-run-btn,SAFE_READ,pages/SystemDiagnosticsPage.tsx,see component,,n/a,manual_only; no broker write,playwright_route_pack,out/verification/R41/screenshots/system.png
/system,integrity-check-download-bundle-btn,integrity-check-download-bundle-btn,SAFE_READ,pages/SystemDiagnosticsPage.tsx,see component,,n/a,manual_only; no broker write,playwright_route_pack,out/verification/R41/screenshots/system.png
/system,integrity-check-details-list,integrity-check-details-list,SAFE_READ,pages/SystemDiagnosticsPage.tsx,see component,,n/a,manual_only; no broker write,playwright_route_pack,out/verification/R41/screenshots/system.png
/system,integrity-sample-open-positions,integrity-sample-open-positions,SAFE_READ,pages/SystemDiagnosticsPage.tsx,see component,,n/a,manual_only; no broker write,playwright_route_pack,out/verification/R41/screenshots/system.png
/system,integrity-sample-open-diagnostics,integrity-sample-open-diagnostics,SAFE_READ,pages/SystemDiagnosticsPage.tsx,see component,,n/a,manual_only; no broker write,playwright_route_pack,out/verification/R41/screenshots/system.png
/system,guardrails-card,guardrails-card,SAFE_READ,pages/SystemDiagnosticsPage.tsx,see component,,n/a,manual_only; no broker write,playwright_route_pack,out/verification/R41/screenshots/system.png
/system,guardrails-available-budget,guardrails-available-budget,SAFE_READ,pages/SystemDiagnosticsPage.tsx,see component,,n/a,manual_only; no broker write,playwright_route_pack,out/verification/R41/screenshots/system.png
/system,guardrails-cash-secured-committed,guardrails-cash-secured-committed,SAFE_READ,pages/SystemDiagnosticsPage.tsx,see component,,n/a,manual_only; no broker write,playwright_route_pack,out/verification/R41/screenshots/system.png
/system,guardrails-csp-cash-available,guardrails-csp-cash-available,SAFE_READ,pages/SystemDiagnosticsPage.tsx,see component,,n/a,manual_only; no broker write,playwright_route_pack,out/verification/R41/screenshots/system.png
/system,load-store-integrity,load-store-integrity,SAFE_READ,pages/SystemDiagnosticsPage.tsx,see component,,n/a,manual_only; no broker write,playwright_route_pack,out/verification/R41/screenshots/system.png
/today,today-eod-pending-banner,today-eod-pending-banner,SAFE_READ,pages/TodayPage.tsx,see component,,n/a,manual_only; no broker write,playwright_route_pack,out/verification/R41/screenshots/today.png
/today,today-run-section,today-run-section,SAFE_READ,pages/TodayPage.tsx,see component,,n/a,manual_only; no broker write,playwright_route_pack,out/verification/R41/screenshots/today.png
/today,today-run-eval-btn,today-run-eval-btn,SAFE_REFRESH,pages/TodayPage.tsx,see component,,n/a,manual_only; no broker write,playwright_route_pack,out/verification/R41/screenshots/today.png
/today,today-legacy-diagnostics,today-legacy-diagnostics,SAFE_READ,pages/TodayPage.tsx,see component,,n/a,manual_only; no broker write,playwright_route_pack,out/verification/R41/screenshots/today.png
/today,today-action-needed-card,today-action-needed-card,SAFE_READ,pages/TodayPage.tsx,see component,,n/a,manual_only; no broker write,playwright_route_pack,out/verification/R41/screenshots/today.png
/today,today-queue-card,today-queue-card,SAFE_READ,pages/TodayPage.tsx,see component,,n/a,manual_only; no broker write,playwright_route_pack,out/verification/R41/screenshots/today.png
/today,today-queue-badge-journal-saved,today-queue-badge-journal-saved,MUTATION_REVERSIBLE,pages/TodayPage.tsx,see component,,component-defined,manual_only; no broker write,playwright_route_pack,out/verification/R41/screenshots/today.png
/today,today-eod-card,today-eod-card,SAFE_READ,pages/TodayPage.tsx,see component,,n/a,manual_only; no broker write,playwright_route_pack,out/verification/R41/screenshots/today.png
/today,today-eod-mark-done,today-eod-mark-done,SAFE_READ,pages/TodayPage.tsx,see component,,n/a,manual_only; no broker write,playwright_route_pack,out/verification/R41/screenshots/today.png
/today,today-eod-override,today-eod-override,SAFE_READ,pages/TodayPage.tsx,see component,,n/a,manual_only; no broker write,playwright_route_pack,out/verification/R41/screenshots/today.png
/today,today-eod-override-reason,today-eod-override-reason,SAFE_READ,pages/TodayPage.tsx,see component,,n/a,manual_only; no broker write,playwright_route_pack,out/verification/R41/screenshots/today.png
/today,today-eod-mark-done-with-override,today-eod-mark-done-with-override,SAFE_READ,pages/TodayPage.tsx,see component,,n/a,manual_only; no broker write,playwright_route_pack,out/verification/R41/screenshots/today.png
/today,today-eod-blocked-message,today-eod-blocked-message,SAFE_READ,pages/TodayPage.tsx,see component,,n/a,manual_only; no broker write,playwright_route_pack,out/verification/R41/screenshots/today.png
/today,today-journal-card,today-journal-card,SAFE_READ,pages/TodayPage.tsx,see component,,n/a,manual_only; no broker write,playwright_route_pack,out/verification/R41/screenshots/today.png
/today,today-journal-add,today-journal-add,MUTATION_REVERSIBLE,pages/TodayPage.tsx,see component,,component-defined,manual_only; no broker write,playwright_route_pack,out/verification/R41/screenshots/today.png
/today,today-missing-journal,today-missing-journal,SAFE_READ,pages/TodayPage.tsx,see component,,n/a,manual_only; no broker write,playwright_route_pack,out/verification/R41/screenshots/today.png
/today,today-notifications-card,today-notifications-card,SAFE_READ,pages/TodayPage.tsx,see component,,n/a,manual_only; no broker write,playwright_route_pack,out/verification/R41/screenshots/today.png
/today,today-ack-all-new,today-ack-all-new,MUTATION_REVERSIBLE,pages/TodayPage.tsx,see component,,component-defined,manual_only; no broker write,playwright_route_pack,out/verification/R41/screenshots/today.png
/today,today-archive-all-acked,today-archive-all-acked,MUTATION_REVERSIBLE,pages/TodayPage.tsx,see component,,component-defined,manual_only; no broker write,playwright_route_pack,out/verification/R41/screenshots/today.png
/today,today-skip-modal,today-skip-modal,SAFE_READ,pages/TodayPage.tsx,see component,,n/a,manual_only; no broker write,playwright_route_pack,out/verification/R41/screenshots/today.png
/today,today-skip-reason-input,today-skip-reason-input,SAFE_READ,pages/TodayPage.tsx,see component,,n/a,manual_only; no broker write,playwright_route_pack,out/verification/R41/screenshots/today.png
/today,today-skip-confirm,today-skip-confirm,SAFE_READ,pages/TodayPage.tsx,see component,,n/a,manual_only; no broker write,playwright_route_pack,out/verification/R41/screenshots/today.png
/today,today-action-row-${item.symbol},today-action-row-${item.symbol},SAFE_READ,pages/TodayPage.tsx,dynamic row/control,,component-defined,manual_only; no broker write,playwright_route_pack,
/today,today-add-queue-${item.symbol},today-add-queue-${item.symbol},MUTATION_REVERSIBLE,pages/TodayPage.tsx,dynamic row/control,,component-defined,manual_only; no broker write,playwright_route_pack,
/today,today-ticket-${item.symbol},today-ticket-${item.symbol},SAFE_READ,pages/TodayPage.tsx,dynamic row/control,,component-defined,manual_only; no broker write,playwright_route_pack,
/today,today-queue-item-${q.symbol},today-queue-item-${q.symbol},SAFE_READ,pages/TodayPage.tsx,dynamic row/control,,component-defined,manual_only; no broker write,playwright_route_pack,
/today,today-queue-done-${q.symbol},today-queue-done-${q.symbol},SAFE_READ,pages/TodayPage.tsx,dynamic row/control,,component-defined,manual_only; no broker write,playwright_route_pack,
/today,today-notif-${n.id ?? i},today-notif-${n.id ?? i},SAFE_READ,pages/TodayPage.tsx,dynamic row/control,,component-defined,manual_only; no broker write,playwright_route_pack,
/ticket,trade-ticket-page,trade-ticket-page,SAFE_READ,pages/TradeTicketPage.tsx,see component,,n/a,manual_only; no broker write,playwright_route_pack,out/verification/R41/screenshots/ticket.png
/ticket,trade-ticket-readiness-card,trade-ticket-readiness-card,SAFE_READ,pages/TradeTicketPage.tsx,see component,,n/a,manual_only; no broker write,playwright_route_pack,out/verification/R41/screenshots/ticket.png
/ticket,readiness-ready-banner,readiness-ready-banner,SAFE_READ,pages/TradeTicketPage.tsx,see component,,n/a,manual_only; no broker write,playwright_route_pack,out/verification/R41/screenshots/ticket.png
/ticket,readiness-review-guidance,readiness-review-guidance,SAFE_READ,pages/TradeTicketPage.tsx,see component,,n/a,manual_only; no broker write,playwright_route_pack,out/verification/R41/screenshots/ticket.png
/ticket,ticket-copy-order-stub,ticket-copy-order-stub,SAFE_READ,pages/TradeTicketPage.tsx,see component,,n/a,manual_only; no broker write,playwright_route_pack,out/verification/R41/screenshots/ticket.png
/ticket,ticket-download-readiness-pack,ticket-download-readiness-pack,MUTATION_REVERSIBLE,pages/TradeTicketPage.tsx,see component,,component-defined,manual_only; no broker write,playwright_route_pack,out/verification/R41/screenshots/ticket.png
/ticket,ticket-copy-steps,ticket-copy-steps,SAFE_READ,pages/TradeTicketPage.tsx,see component,,n/a,manual_only; no broker write,playwright_route_pack,out/verification/R41/screenshots/ticket.png
/ticket,ticket-attach-readiness-pack,ticket-attach-readiness-pack,MUTATION_REVERSIBLE,pages/TradeTicketPage.tsx,see component,,component-defined,manual_only; no broker write,playwright_route_pack,out/verification/R41/screenshots/ticket.png
/ticket,ticket-save-journal,ticket-save-journal,MUTATION_REVERSIBLE,pages/TradeTicketPage.tsx,see component,,component-defined,manual_only; no broker write,playwright_route_pack,out/verification/R41/screenshots/ticket.png
/ticket,ticket-copy-json,ticket-copy-json,SAFE_READ,pages/TradeTicketPage.tsx,see component,,n/a,manual_only; no broker write,playwright_route_pack,out/verification/R41/screenshots/ticket.png
/ticket,ticket-copy-csv,ticket-copy-csv,SAFE_READ,pages/TradeTicketPage.tsx,see component,,n/a,manual_only; no broker write,playwright_route_pack,out/verification/R41/screenshots/ticket.png
/ticket,ticket-paper-section,ticket-paper-section,SAFE_READ,pages/TradeTicketPage.tsx,see component,,n/a,manual_only; no broker write,playwright_route_pack,out/verification/R41/screenshots/ticket.png
/ticket,ticket-paper-toggle,ticket-paper-toggle,SAFE_READ,pages/TradeTicketPage.tsx,see component,,n/a,manual_only; no broker write,playwright_route_pack,out/verification/R41/screenshots/ticket.png
/ticket,ticket-paper-price,ticket-paper-price,SAFE_READ,pages/TradeTicketPage.tsx,see component,,n/a,manual_only; no broker write,playwright_route_pack,out/verification/R41/screenshots/ticket.png
/ticket,ticket-paper-fees,ticket-paper-fees,SAFE_READ,pages/TradeTicketPage.tsx,see component,,n/a,manual_only; no broker write,playwright_route_pack,out/verification/R41/screenshots/ticket.png
/ticket,ticket-paper-simulate,ticket-paper-simulate,SAFE_READ,pages/TradeTicketPage.tsx,see component,,n/a,manual_only; no broker write,playwright_route_pack,out/verification/R41/screenshots/ticket.png
/ticket,ticket-paper-toast,ticket-paper-toast,SAFE_READ,pages/TradeTicketPage.tsx,see component,,n/a,manual_only; no broker write,playwright_route_pack,out/verification/R41/screenshots/ticket.png
/ticket,readiness-fix-${c.code.toLowerCase()},readiness-fix-${c.code.toLowerCase()},SAFE_READ,pages/TradeTicketPage.tsx,dynamic row/control,,component-defined,manual_only; no broker write,playwright_route_pack,
/universe-admin,page-universe-admin,page-universe-admin,SAFE_READ,pages/UniverseAdminPage.tsx,see component,,n/a,manual_only; no broker write,playwright_route_pack,out/verification/R41/screenshots/universe-admin.png
/universe-health,page-universe-health,page-universe-health,SAFE_READ,pages/UniverseHealthPage.tsx,see component,,n/a,manual_only; no broker write,playwright_route_pack,out/verification/R41/screenshots/universe-health.png
/universe,page-universe,page-universe,SAFE_READ,pages/UniversePage.tsx,see component,,n/a,manual_only; no broker write,playwright_route_pack,out/verification/R41/screenshots/universe.png
/universe,universe-legacy-eval-rows,universe-legacy-eval-rows,SAFE_READ,pages/UniversePage.tsx,see component,,n/a,manual_only; no broker write,playwright_route_pack,out/verification/R41/screenshots/universe.png
/weekly,weekly-pending-banner,weekly-pending-banner,SAFE_READ,pages/WeeklyReviewPage.tsx,see component,,n/a,manual_only; no broker write,playwright_route_pack,out/verification/R41/screenshots/weekly.png
/weekly,weekly-summary-card,weekly-summary-card,SAFE_READ,pages/WeeklyReviewPage.tsx,see component,,n/a,manual_only; no broker write,playwright_route_pack,out/verification/R41/screenshots/weekly.png
/weekly,weekly-mark-done,weekly-mark-done,SAFE_READ,pages/WeeklyReviewPage.tsx,see component,,n/a,manual_only; no broker write,playwright_route_pack,out/verification/R41/screenshots/weekly.png
/wheel,page-wheel,page-wheel,SAFE_READ,pages/WheelPage.tsx,see component,,n/a,manual_only; no broker write,playwright_route_pack,out/verification/R41/screenshots/wheel.png
